module	rva	name	bytes	completed	error
iTunes.exe	0x106a3a0	FUN_14106a3a0	142	true	
iTunes.exe	0x106a430	FUN_14106a430	240	true	
iTunes.exe	0x1075000	FUN_141075000	1402	true	
iTunes.exe	0x1075580	FUN_141075580	652	true	
iTunes.exe	0x1076b60	FUN_141076b60	1343	true	
iTunes.exe	0x1084190	FUN_141084190	609	true	
iTunes.exe	0x1085040	FUN_141085040	559	true	
iTunes.exe	0x1085270	FUN_141085270	5252	true	
iTunes.exe	0x10c6970	FUN_1410c6970	140	true	
iTunes.exe	0x10cbb30	FUN_1410cbb30	2256	true	
iTunes.exe	0x106daf0	FUN_14106daf0	10368	true	
iTunes.exe	0x1070370	FUN_141070370	1018	true	
iTunes.exe	0x107b460	FUN_14107b460	13404	true	
iTunes.exe	0x1071260	FUN_141071260	4920	true	
iTunes.exe	0x107ee90	FUN_14107ee90	10496	true	
iTunes.exe	0x107ea60	FUN_14107ea60	1068	true	
iTunes.exe	0x106ac80	FUN_14106ac80	580	true	
iTunes.exe	0x106af90	FUN_14106af90	160	true	
iTunes.exe	0x106b140	FUN_14106b140	322	true	
iTunes.exe	0x106b290	FUN_14106b290	447	true	
iTunes.exe	0x1081a70	FUN_141081a70	1693	true	
iTunes.exe	0xbfbe20	FUN_140bfbe20	239	true	
iTunes.exe	0xbfbf10	FUN_140bfbf10	446	true	
iTunes.exe	0xbfc0d0	FUN_140bfc0d0	265	true	
iTunes.exe	0x10770a0	FUN_1410770a0	462	true	
iTunes.exe	0x10773d0	FUN_1410773d0	2373	true	
iTunes.exe	0x106aba0	FUN_14106aba0	214	true	
iTunes.exe	0x106ab70	FUN_14106ab70	34	true	
iTunes.exe	0x1076780	FUN_141076780	981	true	
iTunes.exe	0x1075f60	FUN_141075f60	306	true	
iTunes.exe	0x106b030	FUN_14106b030	266	true	
iTunes.exe	0x1070770	FUN_141070770	1008	true	
iTunes.exe	0x1075810	FUN_141075810	1868	true	
iTunes.exe	0x1081790	FUN_141081790	735	true	
iTunes.exe	0x16390f0	FUN_1416390f0	1961	true	
iTunes.exe	0x526f40	FUN_140526f40	2760	true	
iTunes.exe	0x1068f90	itl_1068f90	319	true	
iTunes.exe	0x106a520	itl_106a520	57	true	
iTunes.exe	0xbf9710	FUN_140bf9710	887	true	
iTunes.exe	0xbf9a90	FUN_140bf9a90	2064	true	
iTunes.exe	0xbfc580	FUN_140bfc580	783	true	
iTunes.exe	0xba0ac0	FUN_140ba0ac0	3212	true	
iTunes.exe	0x106cba0	FUN_14106cba0	314	true	
iTunes.exe	0xbfc320	FUN_140bfc320	607	true	
iTunes.exe	0xbfc1e0	FUN_140bfc1e0	315	true	
iTunes.exe	0xbfa2a0	FUN_140bfa2a0	3499	true	
iTunes.exe	0xbfb050	FUN_140bfb050	3536	true	
